courseid,chapterid,sectionid,unitid,subunitid,-,topic,-,chapter,-,Cognitive level,-,description_of_topic,-,
4,,,,,-,Data Structures,-,Course,-,Understanding,-,,-,
4,0,,,,-,Objective,-,Course objective,-,Understanding,-,,-,
4,0,1,,,-,Obj1,-,Course objective,-,Understanding,-,,-,
4,0,2,,,-,Obj2,-,Course objective,-,Understanding,-,,-,
4,0,3,,,-,Obj3,-,Course objective,-,Understanding,-,,-,
4,0,4,,,-,Obj4,-,Course objective,-,Understanding,-,,-,
4,0,5,,,-,Obj5,-,Course objective,-,Understanding,-,,-,
4,1,,,,,Data Structures Introduction,-,Data Structures Introduction,-,Understanding,-,,-,
4,1,1,,,,ADT: STACK,-,Data Structures Introduction,-,Understanding,-,,-,
4,1,2,,,,ADT: QUEUE,-,Data Structures Introduction,-,Understanding,-,,-,
4,1,3,,,,DS: ARRAY,-,Data Structures Introduction,-,Understanding,-,,-,DSs are concrete techniques that can be used to implement an ADT
4,2,,,,,Searching And Lists,-,Searching And Lists,-,Understanding,-,,-,
4,2,1,,,,ALG: Search algorithms,-,Searching And Lists,-,Understanding,-,,-,
4,2,2,,,,DS: Dynamic array and DS: Linked list,,Searching And Lists,,Understanding,,,,
4,2,3,,,,Measuring performance,-,Searching And Lists,-,Understanding,-,,-,
4,3,,,,,Analysing Performance,,Analysing Performance,,Understanding,,,,
4,3,1,,,,Simplifying With Bounds,,Analysing Performance,,Understanding,,,,
4,3,2,,,,Sets And Maps,,Analysing Performance,,Understanding,,,,
4,3,3,,,,A Naive Set Implementation,-,Analysing Performance,-,Understanding,-,,-,
4,4,,,,,Efficient Sets,-,Efficient Sets,-,Understanding,-,,-,
4,4,1,,,,ALG: BINARY SEARCH,,Efficient Sets,,Understanding,,,,
4,4,2,,,,Better Sets And Maps With Hash Tables,,Efficient Sets,,Understanding,,,,
4,5,,,,,Algorithmic Bounds and Tree,,Algorithmic Bounds and Tree,,Understanding,,,,
4,5,1,,,,Algorithmic Bounds,,Algorithmic Bounds and Tree,,Understanding,,,,
4,5,1,1,,,Upper Bound: Big O,-,Algorithmic Bounds and Tree,-,Understanding,-,,-,
4,5,1,2,,,Lower Bound: Omega,,Algorithmic Bounds and Tree,,Understanding,,,,
4,5,1,3,,,Sharp Bounds: Theta,-,Algorithmic Bounds and Tree,-,Understanding,-,,-,
4,5,2,,,,Data Structure: Tree,,Algorithmic Bounds and Tree,,Understanding,,,,
4,5,2,1,,,tree,,Algorithmic Bounds and Tree,,Understanding,,,,
4,5,2,2,,,Trie,-,Algorithmic Bounds and Tree,-,Understanding,-,,-,
4,5,2,3,,,Suffix tree,,Algorithmic Bounds and Tree,,Understanding,,,,
4,6,,,,,Data Structure: Binary Tree,,Data Structure: Binary Tree,,Understanding,,,,
4,6,1,,,,Binary Tree,-,Data Structure: Binary Tree,-,Understanding,-,,-,
4,6,2,,,,ADT: Priority Queue,-,Data Structure: Binary Tree,-,Understanding,-,,-,
4,6,3,,,,DS: Binary Heap,-,Data Structure: Binary Tree,-,Understanding,-,,-,
4,6,4,,,,Algorithm: Heapsort,-,Data Structure: Binary Tree,-,Understanding,-,,-,
4,7,,,,,DS: Binary Search Tree,-,Data Structure: Binary Tree,-,Understanding,-,,-,
4,8,,,,,Balancing A Bst,,Balancing A Bst,,Understanding,,,,
4,8,1,,,,Rebalancing A Bst,-,Balancing A Bst,-,Understanding,-,,-,
4,8,2,,,,Limitations,-,Balancing A Bst,-,Understanding,-,,-,
4,8,3,,,,Self-Balancing Trees: AVL Trees,-,Balancing A Bst,-,Understanding,-,,-,
4,9,,,,,Amortized Analysis,,Balancing A Bst,,Understanding,,,,
4,10,,,,,Graph,-,Graph,-,Understanding,-,,-,
4,10,1,,,,Graph Representations,-,Graph,-,Understanding,-,,-,
4,10,2,,,,Graph Search,-,Graph,-,Understanding,-,,-,
4,10,3,,,,Disjoint Set And Minimum Spanning Tree,-,Graph,-,Understanding,-,,-,