courseid,chapterid,sectionid,unitid,subunitid,-,topic,-,chapter,-,Cognitive level,-,description_of_topic,-
5,,,,,-,Web Technology,-,Course,-,Understanding,-,,-
5,0,,,,-,Objective,-,Course objective,-,Understanding,-,,-
5,0,1,,,-,Obj1,-,Course objective,-,Understanding,-,,-
5,0,2,,,-,Obj2,-,Course objective,-,Understanding,-,,-
5,0,3,,,-,Obj3,-,Course objective,-,Understanding,-,,-
5,0,4,,,-,Obj4,-,Course objective,-,Understanding,-,,-
5,0,5,,,-,Obj5,-,Course objective,-,Understanding,-,,-
5,1,,,,-,World Wide Web basics,-,World Wide Web basics,-,Understanding,-,,-
5,1,1,,,-,"URL, URI,URN",-,World Wide Web basics,-,Understanding,-,,-
5,1,2,,,-,HTTP and other protocols,-,World Wide Web basics,-,Understanding,-,,-
5,1,3,,,-,DNS and domain names,-,World Wide Web basics,-,Understanding,-,,-
5,1,4,,,-,IP addresses and network devices,-,World Wide Web basics,-,Understanding,-,,-
5,2,,,,-,"HTML, CSS, JavaScript,Relational Data Model",-,"HTML, CSS, JavaScript,Relational Data Model",-,Understanding,-,,-
5,2,1,,,-,HTML and Document Object Mece （DOM）,-,"HTML, CSS, JavaScript,Relational Data Model",-,Understanding,-,,-
5,2,2,,,-,Cascaded Style Sheets （CSS）,-,"HTML, CSS, JavaScript,Relational Data Model",-,Understanding,-,,-
5,2,3,,,-,Javascript: Introduction,-,"HTML, CSS, JavaScript,Relational Data Model",-,Understanding,-,,-
5,2,4,,,-,Website data model and Relational data model,-,"HTML, CSS, JavaScript,Relational Data Model",-,Understanding,-,,-
5,3,,,,-,"SQL,DBdesign",-,"SQL,DBdesign",-,Understanding,-,,-
5,3,1,,,-,"Data Model: 1NF, 2NF, 3NF",-,"SQL,DBdesign",-,Understanding,-,,-
5,3,2,,,-,"Database: Building and using, MySQL",-,"SQL,DBdesign",-,Understanding,-,,-
5,3,3,,,-,Basic SQL commands and scripting,-,"SQL,DBdesign",-,Understanding,-,,-
5,4,,,,-,"Server-side scripting, PHP",-,"Server-side scripting, PHP",-,Understanding,-,,-
5,4,1,,,-,Introduction to PHP,-,"Server-side scripting, PHP",-,Understanding,-,,-
5,4,2,,,-,PHP Data Object （PDO）,-,"Server-side scripting, PHP",-,Understanding,-,,-
5,4,2,1,,-,Querying databases from web applications,-,"Server-side scripting, PHP",-,Understanding,-,,-
5,4,3,,,-,PHP forms and security issues,-,"Server-side scripting, PHP",-,Understanding,-,,-
5,4,3,1,,-,Markup injection,-,"Server-side scripting, PHP",-,Understanding,-,,-
5,4,3,2,,-,SQL injection,-,"Server-side scripting, PHP",-,Understanding,-,,-
5,4,3,3,,-,PHP injection,-,"Server-side scripting, PHP",-,Understanding,-,,-
5,4,4,,,-,Site structuring with PHP,-,"Server-side scripting, PHP",-,Understanding,-,,-
5,4,5,,,-,Cookies,-,"Server-side scripting, PHP",-,Understanding,-,,-
5,4,5,1,,-,Cookie regulation in GDPR,-,"Server-side scripting, PHP",-,Understanding,-,,-
5,5,,,,-,"Client-side scripting, web UX design",-,"Client-side scripting, web UX design",-,Understanding,-,,-
5,5,1,,,-,Javascript basics and main functions,-,"Client-side scripting, web UX design",-,Understanding,-,,-
5,5,2,,,-,Input validation in forms,-,"Client-side scripting, web UX design",-,Understanding,-,,-
5,5,2,1,,-,Regular expressions,-,"Client-side scripting, web UX design",-,Understanding,-,,-
5,5,3,,,-,AJAX （Asynchronous Java and XML） method for asynchronous communication,-,"Client-side scripting, web UX design",-,Understanding,-,,-
5,5,4,,,-,between browser and webserver,-,"Client-side scripting, web UX design",-,Understanding,-,,-
5,5,5,,,-,Website design for User Experience （UX）,-,"Client-side scripting, web UX design",-,Understanding,-,,-
5,5,5,1,,-,Personas,-,"Client-side scripting, web UX design",-,Understanding,-,,-
5,5,5,2,,-,Optimising website elements for best UX,-,"Client-side scripting, web UX design",-,Understanding,-,,-
5,6,,,,-,WebAPI and Web Scraping,-,WebAPI and Web Scraping,-,Understanding,-,,-
5,6,1,,,-,Harvesting data from the web,-,WebAPI and Web Scraping,-,Understanding,-,,-
5,6,2,,,-,Web APIs,-,WebAPI and Web Scraping,-,Understanding,-,,-
5,6,2,1,,-,REST Services,-,WebAPI and Web Scraping,-,Understanding,-,,-
5,6,2,2,,-,Examples popular Web APIs,-,WebAPI and Web Scraping,-,Understanding,-,,-
5,6,3,,,-,Data dumps and Open Data,-,WebAPI and Web Scraping,-,Understanding,-,,-
5,6,4,,,-,Web Scraping,-,WebAPI and Web Scraping,-,Understanding,-,,-
5,6,4,1,,-,Restrictions,-,WebAPI and Web Scraping,-,Understanding,-,,-
5,6,4,2,,-,Scraping data,-,WebAPI and Web Scraping,-,Understanding,-,,-
5,6,5,,,-,Web scraping with PHP,-,WebAPI and Web Scraping,-,Understanding,-,,-
5,6,6,,,-,Web scraping/Web sourcing with Python BeautifuISoup package,-,WebAPI and Web Scraping,-,Understanding,-,,-
5,7,,,,-,Web Application Security,-,Web Application Security,-,Understanding,-,,-
5,7,1,,,-,"Securing your website, login, authentication",-,Web Application Security,-,Understanding,-,,-
5,7,2,,,-,Different aspects of Security as technology and service domain,-,Web Application Security,-,Understanding,-,,-
5,7,3,,,-,Security foundations and Internet security,-,Web Application Security,-,Understanding,-,,-
5,7,3,1,,-,"VPN,DNS security",-,Web Application Security,-,Understanding,-,,-
5,7,3,2,,-,Access control and Single Sign On （SSO）,-,Web Application Security,-,Understanding,-,,-
5,7,4,,,-,Standards and best practices: CVE and OWASP,-,Web Application Security,-,Understanding,-,,-
5,7,5,,,-,DNS attacks,-,Web Application Security,-,Understanding,-,,-
5,7,6,,,-,Mobile devices and smartphones security architecture,-,Web Application Security,-,Understanding,-,,-